Id,firstName,lastName,salary,managerId
1,Name1,LastName1,50100,
2,Name2,LastName2,50200,1
3,Name3,LastName3,50300,2
4,Name4,LastName4,50400,3
5,Name5,LastName5,50500,4
6,Name6,LastName6,50600,5
7,Name7,LastName7,50700,6
8,Name8,LastName8,50800,7
9,Name9,LastName9,50900,8
10,Name10,LastName10,51000,9
11,Name11,LastName11,51100,10
12,Name12,LastName12,51200,11
13,Name13,LastName13,51300,12
14,Name14,LastName14,51400,13
15,Name15,LastName15,51500,14
16,Name16,LastName16,51600,15
17,Name17,LastName17,51700,16
18,Name18,LastName18,51800,17
19,Name19,LastName19,51900,18
20,Name20,LastName20,52000,19
21,Name21,LastName21,52100,20
22,Name22,LastName22,52200,21
23,Name23,LastName23,52300,22
24,Name24,LastName24,52400,23
25,Name25,LastName25,52500,24
26,Name26,LastName26,52600,25
27,Name27,LastName27,52700,26
28,Name28,LastName28,52800,27
29,Name29,LastName29,52900,28
30,Name30,LastName30,53000,29
31,Name31,LastName31,53100,30
32,Name32,LastName32,53200,31
33,Name33,LastName33,53300,32
34,Name34,LastName34,53400,33
35,Name35,LastName35,53500,34
36,Name36,LastName36,53600,35
37,Name37,LastName37,53700,36
38,Name38,LastName38,53800,37
39,Name39,LastName39,53900,38
40,Name40,LastName40,54000,39
41,Name41,LastName41,54100,40
42,Name42,LastName42,54200,41
43,Name43,LastName43,54300,42
44,Name44,LastName44,54400,43
45,Name45,LastName45,54500,44
46,Name46,LastName46,54600,45
47,Name47,LastName47,54700,46
48,Name48,LastName48,54800,47
49,Name49,LastName49,54900,48
50,Name50,LastName50,55000,49
51,Name51,LastName51,55100,50
52,Name52,LastName52,55200,51
53,Name53,LastName53,55300,52
54,Name54,LastName54,55400,53
55,Name55,LastName55,55500,54
56,Name56,LastName56,55600,55
57,Name57,LastName57,55700,56
58,Name58,LastName58,55800,57
59,Name59,LastName59,55900,58
60,Name60,LastName60,56000,59
61,Name61,LastName61,56100,60
62,Name62,LastName62,56200,61
63,Name63,LastName63,56300,62
64,Name64,LastName64,56400,63
65,Name65,LastName65,56500,64
66,Name66,LastName66,56600,65
67,Name67,LastName67,56700,66
68,Name68,LastName68,56800,67
69,Name69,LastName69,56900,68
70,Name70,LastName70,57000,69
71,Name71,LastName71,57100,70
72,Name72,LastName72,57200,71
73,Name73,LastName73,57300,72
74,Name74,LastName74,57400,73
75,Name75,LastName75,57500,74
76,Name76,LastName76,57600,75
77,Name77,LastName77,57700,76
78,Name78,LastName78,57800,77
79,Name79,LastName79,57900,78
80,Name80,LastName80,58000,79
81,Name81,LastName81,58100,80
82,Name82,LastName82,58200,81
83,Name83,LastName83,58300,82
84,Name84,LastName84,58400,83
85,Name85,LastName85,58500,84
86,Name86,LastName86,58600,85
87,Name87,LastName87,58700,86
88,Name88,LastName88,58800,87
89,Name89,LastName89,58900,88
90,Name90,LastName90,59000,89
91,Name91,LastName91,59100,90
92,Name92,LastName92,59200,91
93,Name93,LastName93,59300,92
94,Name94,LastName94,59400,93
95,Name95,LastName95,59500,94
96,Name96,LastName96,59600,95
97,Name97,LastName97,59700,96
98,Name98,LastName98,59800,97
99,Name99,LastName99,59900,98
100,Name100,LastName100,60000,99
101,Name101,LastName101,60100,100
102,Name102,LastName102,60200,101
103,Name103,LastName103,60300,102
104,Name104,LastName104,60400,103
105,Name105,LastName105,60500,104
106,Name106,LastName106,60600,105
107,Name107,LastName107,60700,106
108,Name108,LastName108,60800,107
109,Name109,LastName109,60900,108
110,Name110,LastName110,61000,109
111,Name111,LastName111,61100,110
112,Name112,LastName112,61200,111
113,Name113,LastName113,61300,112
114,Name114,LastName114,61400,113
115,Name115,LastName115,61500,114
116,Name116,LastName116,61600,115
117,Name117,LastName117,61700,116
118,Name118,LastName118,61800,117
119,Name119,LastName119,61900,118
120,Name120,LastName120,62000,119
121,Name121,LastName121,62100,120
122,Name122,LastName122,62200,121
123,Name123,LastName123,62300,122
124,Name124,LastName124,62400,123
125,Name125,LastName125,62500,124
126,Name126,LastName126,62600,125
127,Name127,LastName127,62700,126
128,Name128,LastName128,62800,127
129,Name129,LastName129,62900,128
130,Name130,LastName130,63000,129
131,Name131,LastName131,63100,130
132,Name132,LastName132,63200,131
133,Name133,LastName133,63300,132
134,Name134,LastName134,63400,133
135,Name135,LastName135,63500,134
136,Name136,LastName136,63600,135
137,Name137,LastName137,63700,136
138,Name138,LastName138,63800,137
139,Name139,LastName139,63900,138
140,Name140,LastName140,64000,139
141,Name141,LastName141,64100,140
142,Name142,LastName142,64200,141
143,Name143,LastName143,64300,142
144,Name144,LastName144,64400,143
145,Name145,LastName145,64500,144
146,Name146,LastName146,64600,145
147,Name147,LastName147,64700,146
148,Name148,LastName148,64800,147
149,Name149,LastName149,64900,148
150,Name150,LastName150,65000,149
151,Name151,LastName151,65100,150
152,Name152,LastName152,65200,151
153,Name153,LastName153,65300,152
154,Name154,LastName154,65400,153
155,Name155,LastName155,65500,154
156,Name156,LastName156,65600,155
157,Name157,LastName157,65700,156
158,Name158,LastName158,65800,157
159,Name159,LastName159,65900,158
160,Name160,LastName160,66000,159
161,Name161,LastName161,66100,160
162,Name162,LastName162,66200,161
163,Name163,LastName163,66300,162
164,Name164,LastName164,66400,163
165,Name165,LastName165,66500,164
166,Name166,LastName166,66600,165
167,Name167,LastName167,66700,166
168,Name168,LastName168,66800,167
169,Name169,LastName169,66900,168
170,Name170,LastName170,67000,169
171,Name171,LastName171,67100,170
172,Name172,LastName172,67200,171
173,Name173,LastName173,67300,172
174,Name174,LastName174,67400,173
175,Name175,LastName175,67500,174
176,Name176,LastName176,67600,175
177,Name177,LastName177,67700,176
178,Name178,LastName178,67800,177
179,Name179,LastName179,67900,178
180,Name180,LastName180,68000,179
181,Name181,LastName181,68100,180
182,Name182,LastName182,68200,181
183,Name183,LastName183,68300,182
184,Name184,LastName184,68400,183
185,Name185,LastName185,68500,184
186,Name186,LastName186,68600,185
187,Name187,LastName187,68700,186
188,Name188,LastName188,68800,187
189,Name189,LastName189,68900,188
190,Name190,LastName190,69000,189
191,Name191,LastName191,69100,190
192,Name192,LastName192,69200,191
193,Name193,LastName193,69300,192
194,Name194,LastName194,69400,193
195,Name195,LastName195,69500,194
196,Name196,LastName196,69600,195
197,Name197,LastName197,69700,196
198,Name198,LastName198,69800,197
199,Name199,LastName199,69900,198
200,Name200,LastName200,70000,199
201,Name201,LastName201,70100,
202,Name202,LastName202,70200,201
203,Name203,LastName203,70300,
204,Name204,LastName204,70400,203
205,Name205,LastName205,70500,
206,Name206,LastName206,70600,205
207,Name207,LastName207,70700,
208,Name208,LastName208,70800,207
209,Name209,LastName209,70900,
210,Name210,LastName210,71000,209
211,Name211,LastName211,71100,
212,Name212,LastName212,71200,211
213,Name213,LastName213,71300,
214,Name214,LastName214,71400,213
215,Name215,LastName215,71500,
216,Name216,LastName216,71600,215
217,Name217,LastName217,71700,
218,Name218,LastName218,71800,217
219,Name219,LastName219,71900,
220,Name220,LastName220,72000,219
221,Name221,LastName221,72100,
222,Name222,LastName222,72200,221
223,Name223,LastName223,72300,
224,Name224,LastName224,72400,223
225,Name225,LastName225,72500,
226,Name226,LastName226,72600,225
227,Name227,LastName227,72700,
228,Name228,LastName228,72800,227
229,Name229,LastName229,72900,
230,Name230,LastName230,73000,229
231,Name231,LastName231,73100,
232,Name232,LastName232,73200,231
233,Name233,LastName233,73300,
234,Name234,LastName234,73400,233
235,Name235,LastName235,73500,
236,Name236,LastName236,73600,235
237,Name237,LastName237,73700,
238,Name238,LastName238,73800,237
239,Name239,LastName239,73900,
240,Name240,LastName240,74000,239
241,Name241,LastName241,74100,
242,Name242,LastName242,74200,241
243,Name243,LastName243,74300,
244,Name244,LastName244,74400,243
245,Name245,LastName245,74500,
246,Name246,LastName246,74600,245
247,Name247,LastName247,74700,
248,Name248,LastName248,74800,247
249,Name249,LastName249,74900,
250,Name250,LastName250,75000,249
251,Name251,LastName251,75100,
252,Name252,LastName252,75200,251
253,Name253,LastName253,75300,
254,Name254,LastName254,75400,253
255,Name255,LastName255,75500,
256,Name256,LastName256,75600,255
257,Name257,LastName257,75700,
258,Name258,LastName258,75800,257
259,Name259,LastName259,75900,
260,Name260,LastName260,76000,259
261,Name261,LastName261,76100,
262,Name262,LastName262,76200,261
263,Name263,LastName263,76300,
264,Name264,LastName264,76400,263
265,Name265,LastName265,76500,
266,Name266,LastName266,76600,265
267,Name267,LastName267,76700,
268,Name268,LastName268,76800,267
269,Name269,LastName269,76900,
270,Name270,LastName270,77000,269
271,Name271,LastName271,77100,
272,Name272,LastName272,77200,271
273,Name273,LastName273,77300,
274,Name274,LastName274,77400,273
275,Name275,LastName275,77500,
276,Name276,LastName276,77600,275
277,Name277,LastName277,77700,
278,Name278,LastName278,77800,277
279,Name279,LastName279,77900,
280,Name280,LastName280,78000,279
281,Name281,LastName281,78100,
282,Name282,LastName282,78200,281
283,Name283,LastName283,78300,
284,Name284,LastName284,78400,283
285,Name285,LastName285,78500,
286,Name286,LastName286,78600,285
287,Name287,LastName287,78700,
288,Name288,LastName288,78800,287
289,Name289,LastName289,78900,
290,Name290,LastName290,79000,289
291,Name291,LastName291,79100,
292,Name292,LastName292,79200,291
293,Name293,LastName293,79300,
294,Name294,LastName294,79400,293
295,Name295,LastName295,79500,
296,Name296,LastName296,79600,295
297,Name297,LastName297,79700,
298,Name298,LastName298,79800,297
299,Name299,LastName299,79900,
300,Name300,LastName300,80000,299
301,Name301,LastName301,80100,300
302,Name302,LastName302,80200,301
303,Name303,LastName303,80300,302
304,Name304,LastName304,80400,303
305,Name305,LastName305,80500,304
306,Name306,LastName306,80600,305
307,Name307,LastName307,80700,306
308,Name308,LastName308,80800,307
309,Name309,LastName309,80900,308
310,Name310,LastName310,invalid_salary,309
311,Name311,LastName311,81100,310
312,Name312,LastName312,81200,311
313,Name313,LastName313,81300,312
314,Name314,LastName314,81400,313
315,Name315,LastName315,81500,314
316,Name316,LastName316,81600,315
317,Name317,LastName317,81700,316
318,Name318,LastName318,81800,317
319,Name319,LastName319,81900,318
320,Name320,LastName320,invalid_salary,319
321,Name321,LastName321,82100,320
322,Name322,LastName322,82200,321
323,Name323,LastName323,82300,322
324,Name324,LastName324,82400,323
325,Name325,LastName325,82500,324
326,Name326,LastName326,82600,325
327,Name327,LastName327,82700,326
328,Name328,LastName328,82800,327
329,Name329,LastName329,82900,328
330,Name330,LastName330,invalid_salary,329
331,Name331,LastName331,83100,330
332,Name332,LastName332,83200,331
333,Name333,LastName333,83300,332
334,Name334,LastName334,83400,333
335,Name335,LastName335,83500,334
336,Name336,LastName336,83600,335
337,Name337,LastName337,83700,336
338,Name338,LastName338,83800,337
339,Name339,LastName339,83900,338
340,Name340,LastName340,invalid_salary,339
341,Name341,LastName341,84100,340
342,Name342,LastName342,84200,341
343,Name343,LastName343,84300,342
344,Name344,LastName344,84400,343
345,Name345,LastName345,84500,344
346,Name346,LastName346,84600,345
347,Name347,LastName347,84700,346
348,Name348,LastName348,84800,347
349,Name349,LastName349,84900,348
350,Name350,LastName350,invalid_salary,349
351,Name351,LastName351,85100,350
352,Name352,LastName352,85200,351
353,Name353,LastName353,85300,352
354,Name354,LastName354,85400,353
355,Name355,LastName355,85500,354
356,Name356,LastName356,85600,355
357,Name357,LastName357,85700,356
358,Name358,LastName358,85800,357
359,Name359,LastName359,85900,358
360,Name360,LastName360,invalid_salary,359
361,Name361,LastName361,86100,360
362,Name362,LastName362,86200,361
363,Name363,LastName363,86300,362
364,Name364,LastName364,86400,363
365,Name365,LastName365,86500,364
366,Name366,LastName366,86600,365
367,Name367,LastName367,86700,366
368,Name368,LastName368,86800,367
369,Name369,LastName369,86900,368
370,Name370,LastName370,invalid_salary,369
371,Name371,LastName371,87100,370
372,Name372,LastName372,87200,371
373,Name373,LastName373,87300,372
374,Name374,LastName374,87400,373
375,Name375,LastName375,87500,374
376,Name376,LastName376,87600,375
377,Name377,LastName377,87700,376
378,Name378,LastName378,87800,377
379,Name379,LastName379,87900,378
380,Name380,LastName380,invalid_salary,379
381,Name381,LastName381,88100,380
382,Name382,LastName382,88200,381
383,Name383,LastName383,88300,382
384,Name384,LastName384,88400,383
385,Name385,LastName385,88500,384
386,Name386,LastName386,88600,385
387,Name387,LastName387,88700,386
388,Name388,LastName388,88800,387
389,Name389,LastName389,88900,388
390,Name390,LastName390,invalid_salary,389
391,Name391,LastName391,89100,390
392,Name392,LastName392,89200,391
393,Name393,LastName393,89300,392
394,Name394,LastName394,89400,393
395,Name395,LastName395,89500,394
396,Name396,LastName396,89600,395
397,Name397,LastName397,89700,396
398,Name398,LastName398,89800,397
399,Name399,LastName399,89900,398
400,Name400,LastName400,invalid_salary,399
401,Name401,LastName401,90100,500
402,Name402,LastName402,90200,401
403,Name403,LastName403,90300,402
404,Name404,LastName404,90400,403
405,Name405,LastName405,90500,404
406,Name406,LastName406,90600,405
407,Name407,LastName407,90700,406
408,Name408,LastName408,90800,407
409,Name409,LastName409,90900,408
410,Name410,LastName410,91000,409
411,Name411,LastName411,91100,410
412,Name412,LastName412,91200,411
413,Name413,LastName413,91300,412
414,Name414,LastName414,91400,413
415,Name415,LastName415,91500,414
416,Name416,LastName416,91600,415
417,Name417,LastName417,91700,416
418,Name418,LastName418,91800,417
419,Name419,LastName419,91900,418
420,Name420,LastName420,92000,419
421,Name421,LastName421,92100,420
422,Name422,LastName422,92200,421
423,Name423,LastName423,92300,422
424,Name424,LastName424,92400,423
425,Name425,LastName425,92500,424
426,Name426,LastName426,92600,425
427,Name427,LastName427,92700,426
428,Name428,LastName428,92800,427
429,Name429,LastName429,92900,428
430,Name430,LastName430,93000,429
431,Name431,LastName431,93100,430
432,Name432,LastName432,93200,431
433,Name433,LastName433,93300,432
434,Name434,LastName434,93400,433
435,Name435,LastName435,93500,434
436,Name436,LastName436,93600,435
437,Name437,LastName437,93700,436
438,Name438,LastName438,93800,437
439,Name439,LastName439,93900,438
440,Name440,LastName440,94000,439
441,Name441,LastName441,94100,440
442,Name442,LastName442,94200,441
443,Name443,LastName443,94300,442
444,Name444,LastName444,94400,443
445,Name445,LastName445,94500,444
446,Name446,LastName446,94600,445
447,Name447,LastName447,94700,446
448,Name448,LastName448,94800,447
449,Name449,LastName449,94900,448
450,Name450,LastName450,95000,449
451,Name451,LastName451,95100,450
452,Name452,LastName452,95200,451
453,Name453,LastName453,95300,452
454,Name454,LastName454,95400,453
455,Name455,LastName455,95500,454
456,Name456,LastName456,95600,455
457,Name457,LastName457,95700,456
458,Name458,LastName458,95800,457
459,Name459,LastName459,95900,458
460,Name460,LastName460,96000,459
461,Name461,LastName461,96100,460
462,Name462,LastName462,96200,461
463,Name463,LastName463,96300,462
464,Name464,LastName464,96400,463
465,Name465,LastName465,96500,464
466,Name466,LastName466,96600,465
467,Name467,LastName467,96700,466
468,Name468,LastName468,96800,467
469,Name469,LastName469,96900,468
470,Name470,LastName470,97000,469
471,Name471,LastName471,97100,470
472,Name472,LastName472,97200,471
473,Name473,LastName473,97300,472
474,Name474,LastName474,97400,473
475,Name475,LastName475,97500,474
476,Name476,LastName476,97600,475
477,Name477,LastName477,97700,476
478,Name478,LastName478,97800,477
479,Name479,LastName479,97900,478
480,Name480,LastName480,98000,479
481,Name481,LastName481,98100,480
482,Name482,LastName482,98200,481
483,Name483,LastName483,98300,482
484,Name484,LastName484,98400,483
485,Name485,LastName485,98500,484
486,Name486,LastName486,98600,485
487,Name487,LastName487,98700,486
488,Name488,LastName488,98800,487
489,Name489,LastName489,98900,488
490,Name490,LastName490,99000,489
491,Name491,LastName491,99100,490
492,Name492,LastName492,99200,491
493,Name493,LastName493,99300,492
494,Name494,LastName494,99400,493
495,Name495,LastName495,99500,494
496,Name496,LastName496,99600,495
497,Name497,LastName497,99700,496
498,Name498,LastName498,99800,497
499,Name499,LastName499,99900,498
500,Name500,LastName500,100000,499
501,Name501,LastName501,100100,500
502,Name502,LastName502,100200,501
503,Name503,LastName503,100300,502
504,Name504,LastName504,100400,503
505,Name505,LastName505,100500,504
506,Name506,LastName506,100600,505
507,Name507,LastName507,100700,506
508,Name508,LastName508,100800,507
509,Name509,LastName509,100900,508
510,Name510,LastName510,101000,509
511,Name511,LastName511,101100,510
512,Name512,LastName512,101200,511
513,Name513,LastName513,101300,512
514,Name514,LastName514,101400,513
515,Name515,LastName515,101500,514
516,Name516,LastName516,101600,515
517,Name517,LastName517,101700,516
518,Name518,LastName518,101800,517
519,Name519,LastName519,101900,518
520,Name520,LastName520,102000,519
521,Name521,LastName521,102100,520
522,Name522,LastName522,102200,521
523,Name523,LastName523,102300,522
524,Name524,LastName524,102400,523
525,Name525,LastName525,102500,524
526,Name526,LastName526,102600,525
527,Name527,LastName527,102700,526
528,Name528,LastName528,102800,527
529,Name529,LastName529,102900,528
530,Name530,LastName530,103000,529
531,Name531,LastName531,103100,530
532,Name532,LastName532,103200,531
533,Name533,LastName533,103300,532
534,Name534,LastName534,103400,533
535,Name535,LastName535,103500,534
536,Name536,LastName536,103600,535
537,Name537,LastName537,103700,536
538,Name538,LastName538,103800,537
539,Name539,LastName539,103900,538
540,Name540,LastName540,104000,539
541,Name541,LastName541,104100,540
542,Name542,LastName542,104200,541
543,Name543,LastName543,104300,542
544,Name544,LastName544,104400,543
545,Name545,LastName545,104500,544
546,Name546,LastName546,104600,545
547,Name547,LastName547,104700,546
548,Name548,LastName548,104800,547
549,Name549,LastName549,104900,548
550,Name550,LastName550,105000,549
551,Name551,LastName551,105100,550
552,Name552,LastName552,105200,551
553,Name553,LastName553,105300,552
554,Name554,LastName554,105400,553
555,Name555,LastName555,105500,554
556,Name556,LastName556,105600,555
557,Name557,LastName557,105700,556
558,Name558,LastName558,105800,557
559,Name559,LastName559,105900,558
560,Name560,LastName560,106000,559
561,Name561,LastName561,106100,560
562,Name562,LastName562,106200,561
563,Name563,LastName563,106300,562
564,Name564,LastName564,106400,563
565,Name565,LastName565,106500,564
566,Name566,LastName566,106600,565
567,Name567,LastName567,106700,566
568,Name568,LastName568,106800,567
569,Name569,LastName569,106900,568
570,Name570,LastName570,107000,569
571,Name571,LastName571,107100,570
572,Name572,LastName572,107200,571
573,Name573,LastName573,107300,572
574,Name574,LastName574,107400,573
575,Name575,LastName575,107500,574
576,Name576,LastName576,107600,575
577,Name577,LastName577,107700,576
578,Name578,LastName578,107800,577
579,Name579,LastName579,107900,578
580,Name580,LastName580,108000,579
581,Name581,LastName581,108100,580
582,Name582,LastName582,108200,581
583,Name583,LastName583,108300,582
584,Name584,LastName584,108400,583
585,Name585,LastName585,108500,584
586,Name586,LastName586,108600,585
587,Name587,LastName587,108700,586
588,Name588,LastName588,108800,587
589,Name589,LastName589,108900,588
590,Name590,LastName590,109000,589
591,Name591,LastName591,109100,590
592,Name592,LastName592,109200,591
593,Name593,LastName593,109300,592
594,Name594,LastName594,109400,593
595,Name595,LastName595,109500,594
596,Name596,LastName596,109600,595
597,Name597,LastName597,109700,596
598,Name598,LastName598,109800,597
599,Name599,LastName599,109900,598
600,Name600,LastName600,110000,599
601,Name601,LastName601,110100,600
602,Name602,LastName602,110200,601
603,Name603,LastName603,110300,602
604,Name604,LastName604,110400,603
605,Name605,LastName605,110500,604
606,Name606,LastName606,110600,605
607,Name607,LastName607,110700,606
608,Name608,LastName608,110800,607
609,Name609,LastName609,110900,608
610,Name610,LastName610,111000,609
611,Name611,LastName611,111100,610
612,Name612,LastName612,111200,611
613,Name613,LastName613,111300,612
614,Name614,LastName614,111400,613
615,Name615,LastName615,111500,614
616,Name616,LastName616,111600,615
617,Name617,LastName617,111700,616
618,Name618,LastName618,111800,617
619,Name619,LastName619,111900,618
620,Name620,LastName620,112000,619
621,Name621,LastName621,112100,620
622,Name622,LastName622,112200,621
623,Name623,LastName623,112300,622
624,Name624,LastName624,112400,623
625,Name625,LastName625,112500,624
626,Name626,LastName626,112600,625
627,Name627,LastName627,112700,626
628,Name628,LastName628,112800,627
629,Name629,LastName629,112900,628
630,Name630,LastName630,113000,629
631,Name631,LastName631,113100,630
632,Name632,LastName632,113200,631
633,Name633,LastName633,113300,632
634,Name634,LastName634,113400,633
635,Name635,LastName635,113500,634
636,Name636,LastName636,113600,635
637,Name637,LastName637,113700,636
638,Name638,LastName638,113800,637
639,Name639,LastName639,113900,638
640,Name640,LastName640,114000,639
641,Name641,LastName641,114100,640
642,Name642,LastName642,114200,641
643,Name643,LastName643,114300,642
644,Name644,LastName644,114400,643
645,Name645,LastName645,114500,644
646,Name646,LastName646,114600,645
647,Name647,LastName647,114700,646
648,Name648,LastName648,114800,647
649,Name649,LastName649,114900,648
650,Name650,LastName650,115000,649
651,Name651,LastName651,115100,650
652,Name652,LastName652,115200,651
653,Name653,LastName653,115300,652
654,Name654,LastName654,115400,653
655,Name655,LastName655,115500,654
656,Name656,LastName656,115600,655
657,Name657,LastName657,115700,656
658,Name658,LastName658,115800,657
659,Name659,LastName659,115900,658
660,Name660,LastName660,116000,659
661,Name661,LastName661,116100,660
662,Name662,LastName662,116200,661
663,Name663,LastName663,116300,662
664,Name664,LastName664,116400,663
665,Name665,LastName665,116500,664
666,Name666,LastName666,116600,665
667,Name667,LastName667,116700,666
668,Name668,LastName668,116800,667
669,Name669,LastName669,116900,668
670,Name670,LastName670,117000,669
671,Name671,LastName671,117100,670
672,Name672,LastName672,117200,671
673,Name673,LastName673,117300,672
674,Name674,LastName674,117400,673
675,Name675,LastName675,117500,674
676,Name676,LastName676,117600,675
677,Name677,LastName677,117700,676
678,Name678,LastName678,117800,677
679,Name679,LastName679,117900,678
680,Name680,LastName680,118000,679
681,Name681,LastName681,118100,680
682,Name682,LastName682,118200,681
683,Name683,LastName683,118300,682
684,Name684,LastName684,118400,683
685,Name685,LastName685,118500,684
686,Name686,LastName686,118600,685
687,Name687,LastName687,118700,686
688,Name688,LastName688,118800,687
689,Name689,LastName689,118900,688
690,Name690,LastName690,119000,689
691,Name691,LastName691,119100,690
692,Name692,LastName692,119200,691
693,Name693,LastName693,119300,692
694,Name694,LastName694,119400,693
695,Name695,LastName695,119500,694
696,Name696,LastName696,119600,695
697,Name697,LastName697,119700,696
698,Name698,LastName698,119800,697
699,Name699,LastName699,119900,698
700,Name700,LastName700,120000,699
701,Name701,LastName701,120100,700
702,Name702,LastName702,120200,
703,Name703,LastName703,120300,702
704,Name704,LastName704,120400,
705,Name705,LastName705,120500,704
706,Name706,LastName706,120600,
707,Name707,LastName707,120700,706
708,Name708,LastName708,120800,
709,Name709,LastName709,120900,708
710,Name710,LastName710,121000,
711,Name711,LastName711,121100,710
712,Name712,LastName712,121200,
713,Name713,LastName713,121300,712
714,Name714,LastName714,121400,
715,Name715,LastName715,121500,714
716,Name716,LastName716,121600,
717,Name717,LastName717,121700,716
718,Name718,LastName718,121800,
719,Name719,LastName719,121900,718
720,Name720,LastName720,122000,
721,Name721,LastName721,122100,720
722,Name722,LastName722,122200,
723,Name723,LastName723,122300,722
724,Name724,LastName724,122400,
725,Name725,LastName725,122500,724
726,Name726,LastName726,122600,
727,Name727,LastName727,122700,726
728,Name728,LastName728,122800,
729,Name729,LastName729,122900,728
730,Name730,LastName730,123000,
731,Name731,LastName731,123100,730
732,Name732,LastName732,123200,
733,Name733,LastName733,123300,732
734,Name734,LastName734,123400,
735,Name735,LastName735,123500,734
736,Name736,LastName736,123600,
737,Name737,LastName737,123700,736
738,Name738,LastName738,123800,
739,Name739,LastName739,123900,738
740,Name740,LastName740,124000,
741,Name741,LastName741,124100,740
742,Name742,LastName742,124200,
743,Name743,LastName743,124300,742
744,Name744,LastName744,124400,
745,Name745,LastName745,124500,744
746,Name746,LastName746,124600,
747,Name747,LastName747,124700,746
748,Name748,LastName748,124800,
749,Name749,LastName749,124900,748
750,Name750,LastName750,125000,
751,Name751,LastName751,125100,750
752,Name752,LastName752,125200,
753,Name753,LastName753,125300,752
754,Name754,LastName754,125400,
755,Name755,LastName755,125500,754
756,Name756,LastName756,125600,
757,Name757,LastName757,125700,756
758,Name758,LastName758,125800,
759,Name759,LastName759,125900,758
760,Name760,LastName760,126000,
761,Name761,LastName761,126100,760
762,Name762,LastName762,126200,
763,Name763,LastName763,126300,762
764,Name764,LastName764,126400,
765,Name765,LastName765,126500,764
766,Name766,LastName766,126600,
767,Name767,LastName767,126700,766
768,Name768,LastName768,126800,
769,Name769,LastName769,126900,768
770,Name770,LastName770,127000,
771,Name771,LastName771,127100,770
772,Name772,LastName772,127200,
773,Name773,LastName773,127300,772
774,Name774,LastName774,127400,
775,Name775,LastName775,127500,774
776,Name776,LastName776,127600,
777,Name777,LastName777,127700,776
778,Name778,LastName778,127800,
779,Name779,LastName779,127900,778
780,Name780,LastName780,128000,
781,Name781,LastName781,128100,780
782,Name782,LastName782,128200,
783,Name783,LastName783,128300,782
784,Name784,LastName784,128400,
785,Name785,LastName785,128500,784
786,Name786,LastName786,128600,
787,Name787,LastName787,128700,786
788,Name788,LastName788,128800,
789,Name789,LastName789,128900,788
790,Name790,LastName790,129000,
791,Name791,LastName791,129100,790
792,Name792,LastName792,129200,
793,Name793,LastName793,129300,792
794,Name794,LastName794,129400,
795,Name795,LastName795,129500,794
796,Name796,LastName796,129600,
797,Name797,LastName797,129700,796
798,Name798,LastName798,129800,
799,Name799,LastName799,129900,798
800,Name800,LastName800,130000,
801,Name801,LastName801,130100,800
802,Name802,LastName802,130200,801
803,Name803,LastName803,130300,802
804,Name804,LastName804,130400,803
805,Name805,LastName805,130500,804
806,Name806,LastName806,130600,805
807,Name807,LastName807,130700,806
808,Name808,LastName808,130800,807
809,Name809,LastName809,130900,808
810,Name810,LastName810,131000,809
811,Name811,LastName811,131100,810
812,Name812,LastName812,131200,811
813,Name813,LastName813,131300,812
814,Name814,LastName814,131400,813
815,Name815,LastName815,131500,814
816,Name816,LastName816,131600,815
817,Name817,LastName817,131700,816
818,Name818,LastName818,131800,817
819,Name819,LastName819,131900,818
820,Name820,LastName820,132000,819
821,Name821,LastName821,132100,820
822,Name822,LastName822,132200,821
823,Name823,LastName823,132300,822
824,Name824,LastName824,132400,823
825,Name825,LastName825,132500,824
826,Name826,LastName826,132600,825
827,Name827,LastName827,132700,826
828,Name828,LastName828,132800,827
829,Name829,LastName829,132900,828
830,Name830,LastName830,133000,829
831,Name831,LastName831,133100,830
832,Name832,LastName832,133200,831
833,Name833,LastName833,133300,832
834,Name834,LastName834,133400,833
835,Name835,LastName835,133500,834
836,Name836,LastName836,133600,835
837,Name837,LastName837,133700,836
838,Name838,LastName838,133800,837
839,Name839,LastName839,133900,838
840,Name840,LastName840,134000,839
841,Name841,LastName841,134100,840
842,Name842,LastName842,134200,841
843,Name843,LastName843,134300,842
844,Name844,LastName844,134400,843
845,Name845,LastName845,134500,844
846,Name846,LastName846,134600,845
847,Name847,LastName847,134700,846
848,Name848,LastName848,134800,847
849,Name849,LastName849,134900,848
850,Name850,LastName850,135000,849
851,Name851,LastName851,135100,850
852,Name852,LastName852,135200,851
853,Name853,LastName853,135300,852
854,Name854,LastName854,135400,853
855,Name855,LastName855,135500,854
856,Name856,LastName856,135600,855
857,Name857,LastName857,135700,856
858,Name858,LastName858,135800,857
859,Name859,LastName859,135900,858
860,Name860,LastName860,136000,859
861,Name861,LastName861,136100,860
862,Name862,LastName862,136200,861
863,Name863,LastName863,136300,862
864,Name864,LastName864,136400,863
865,Name865,LastName865,136500,864
866,Name866,LastName866,136600,865
867,Name867,LastName867,136700,866
868,Name868,LastName868,136800,867
869,Name869,LastName869,136900,868
870,Name870,LastName870,137000,869
871,Name871,LastName871,137100,870
872,Name872,LastName872,137200,871
873,Name873,LastName873,137300,872
874,Name874,LastName874,137400,873
875,Name875,LastName875,137500,874
876,Name876,LastName876,137600,875
877,Name877,LastName877,137700,876
878,Name878,LastName878,137800,877
879,Name879,LastName879,137900,878
880,Name880,LastName880,138000,879
881,Name881,LastName881,138100,880
882,Name882,LastName882,138200,881
883,Name883,LastName883,138300,882
884,Name884,LastName884,138400,883
885,Name885,LastName885,138500,884
886,Name886,LastName886,138600,885
887,Name887,LastName887,138700,886
888,Name888,LastName888,138800,887
889,Name889,LastName889,138900,888
890,Name890,LastName890,139000,889
891,Name891,LastName891,139100,890
892,Name892,LastName892,139200,891
893,Name893,LastName893,139300,892
894,Name894,LastName894,139400,893
895,Name895,LastName895,139500,894
896,Name896,LastName896,139600,895
897,Name897,LastName897,139700,896
898,Name898,LastName898,139800,897
899,Name899,LastName899,139900,898
900,Name900,LastName900,140000,899
901,Name901,LastName901,140100,900
902,Name902,LastName902,140200,901
903,Name903,LastName903,140300,902
904,Name904,LastName904,140400,903
905,Name905,LastName905,140500,904
906,Name906,LastName906,140600,905
907,Name907,LastName907,140700,906
908,Name908,LastName908,140800,907
909,Name909,LastName909,140900,908
910,Name910,LastName910,141000,909
911,Name911,LastName911,141100,910
912,Name912,LastName912,141200,911
913,Name913,LastName913,141300,912
914,Name914,LastName914,141400,913
915,Name915,LastName915,141500,914
916,Name916,LastName916,141600,915
917,Name917,LastName917,141700,916
918,Name918,LastName918,141800,917
919,Name919,LastName919,141900,918
920,Name920,LastName920,142000,919
921,Name921,LastName921,142100,920
922,Name922,LastName922,142200,921
923,Name923,LastName923,142300,922
924,Name924,LastName924,142400,923
925,Name925,LastName925,142500,924
926,Name926,LastName926,142600,925
927,Name927,LastName927,142700,926
928,Name928,LastName928,142800,927
929,Name929,LastName929,142900,928
930,Name930,LastName930,143000,929
931,Name931,LastName931,143100,930
932,Name932,LastName932,143200,931
933,Name933,LastName933,143300,932
934,Name934,LastName934,143400,933
935,Name935,LastName935,143500,934
936,Name936,LastName936,143600,935
937,Name937,LastName937,143700,936
938,Name938,LastName938,143800,937
939,Name939,LastName939,143900,938
940,Name940,LastName940,144000,939
941,Name941,LastName941,144100,940
942,Name942,LastName942,144200,941
943,Name943,LastName943,144300,942
944,Name944,LastName944,144400,943
945,Name945,LastName945,144500,944
946,Name946,LastName946,144600,945
947,Name947,LastName947,144700,946
948,Name948,LastName948,144800,947
949,Name949,LastName949,144900,948
950,Name950,LastName950,145000,949
951,Name951,LastName951,145100,950
952,Name952,LastName952,145200,951
953,Name953,LastName953,145300,952
954,Name954,LastName954,145400,953
955,Name955,LastName955,145500,954
956,Name956,LastName956,145600,955
957,Name957,LastName957,145700,956
958,Name958,LastName958,145800,957
959,Name959,LastName959,145900,958
960,Name960,LastName960,146000,959
961,Name961,LastName961,146100,960
962,Name962,LastName962,146200,961
963,Name963,LastName963,146300,962
964,Name964,LastName964,146400,963
965,Name965,LastName965,146500,964
966,Name966,LastName966,146600,965
967,Name967,LastName967,146700,966
968,Name968,LastName968,146800,967
969,Name969,LastName969,146900,968
970,Name970,LastName970,147000,969
971,Name971,LastName971,147100,970
972,Name972,LastName972,147200,971
973,Name973,LastName973,147300,972
974,Name974,LastName974,147400,973
975,Name975,LastName975,147500,974
976,Name976,LastName976,147600,975
977,Name977,LastName977,147700,976
978,Name978,LastName978,147800,977
979,Name979,LastName979,147900,978
980,Name980,LastName980,148000,979
981,Name981,LastName981,148100,980
982,Name982,LastName982,148200,981
983,Name983,LastName983,148300,982
984,Name984,LastName984,148400,983
985,Name985,LastName985,148500,984
986,Name986,LastName986,148600,985
987,Name987,LastName987,148700,986
988,Name988,LastName988,148800,987
989,Name989,LastName989,148900,988
990,Name990,LastName990,149000,989
991,Name991,LastName991,149100,990
992,Name992,LastName992,149200,991
993,Name993,LastName993,149300,992
994,Name994,LastName994,149400,993
995,Name995,LastName995,149500,994
996,Name996,LastName996,149600,995
997,Name997,LastName997,149700,996
998,Name998,LastName998,149800,997
999,Name999,LastName999,149900,998
1000,Name1000,LastName1000,150000,999
